CREATE DATABASE ESCOLA;

USE ESCOLA;
CREATE TABLE Departamento
(CodDepto INT,
 NomeDepto VARCHAR(30),
 CONSTRAINT PK_Departamento PRIMARY KEY (CodDepto));

CREATE TABLE Aluno
(Matricula INT,
 Nome VARCHAR(10),
 CodDepto INT,
 CONSTRAINT PK_Aluno PRIMARY KEY (Matricula),
 CONSTRAINT FK_AlunoDepartamento FOREIGN KEY (CodDepto) REFERENCES 
Departamento(CodDepto));

CREATE TABLE Disciplina
(CodDisc VARCHAR(7),
 NomeDisc VARCHAR(40),
 Creditos INT,
 CodDepto INT,
 CONSTRAINT PK_Disciplina PRIMARY KEY (CodDisc),
 CONSTRAINT FK_DisciplinaDepartamento FOREIGN KEY (CodDepto) REFERENCES 
Departamento(CodDepto));

CREATE TABLE Turma
(CodTurma INT,
 CodDisc VARCHAR(7),
 Semestre VARCHAR(10),
 Ano INT,
 Professor VARCHAR(10),
 CONSTRAINT PK_Turma PRIMARY KEY (CodTurma),
 CONSTRAINT FK_DisciplinaTurma FOREIGN KEY (CodDisc) REFERENCES 
Disciplina(CodDisc));

CREATE TABLE Historico
(Matricula INT,
 CodTurma INT,
 Conceito VARCHAR(1),
 CONSTRAINT PK_Historico PRIMARY KEY (Matricula,CodTurma),
 CONSTRAINT FK_HistoricoAluno FOREIGN KEY (Matricula) REFERENCES Aluno(Matricula),
 CONSTRAINT FK_HistoricoTurma FOREIGN KEY (CodTurma) REFERENCES Turma(CodTurma));
 
CREATE TABLE Pre_Requisito
(CodDisc VARCHAR(7),
 CodDiscPre VARCHAR(7),
 CONSTRAINT PK_Pre_Requisito PRIMARY KEY (CodDisc,CodDiscPre),
 CONSTRAINT FK_Pre_ReqDisciplina FOREIGN KEY (CodDisc) REFERENCES 
Disciplina(CodDisc),
 CONSTRAINT FK_Pre_ReqDisciplinaPre FOREIGN KEY (CodDiscPre) REFERENCES 
Disciplina(CodDisc));

INSERT INTO Departamento VALUES (01,'Ciencia da Computacao');
INSERT INTO Departamento VALUES (02,'Matematica');
INSERT INTO Aluno VALUES (17,'Sofia',01);
INSERT INTO Aluno VALUES (8,'Bernardo',01);
INSERT INTO Aluno VALUES (10,'Maria',02);
INSERT INTO Disciplina VALUES ('CC1310','Introducao a Ciencia da Computacao',4,01);
INSERT INTO Disciplina VALUES ('CC3320','Estruturas de Dados',4,01);
INSERT INTO Disciplina VALUES ('MAT2410','Matematica Discreta',3,02);
INSERT INTO Disciplina VALUES ('CC3380','Banco de Dados',3,01);
INSERT INTO Disciplina VALUES ('MAT4321','Calculo I',4,02);
INSERT INTO Turma VALUES (85,'MAT2410','Segundo',2018,'Carlos');  
INSERT INTO Turma VALUES (92,'CC1310','Segundo',2018,'Anderson');
INSERT INTO Turma VALUES (102,'CC3320','Primeiro',2019,'Claudio');
INSERT INTO Turma VALUES (112,'MAT2410','Segundo',2019,'Camila');
INSERT INTO Turma VALUES (119,'CC1310','Segundo',2019,'Anderson');
INSERT INTO Turma VALUES (135,'CC3380','Segundo',2019,'Samuel');
INSERT INTO Turma VALUES (100,'MAT4321','Segundo',2019,'Jane');
INSERT INTO Historico VALUES (17,112,'B');
INSERT INTO Historico VALUES (17,119,'C');
INSERT INTO Historico VALUES (8,85,'A');
INSERT INTO Historico VALUES (8,92,'A');
INSERT INTO Historico VALUES (8,102,'B');
INSERT INTO Historico VALUES (8,135,'A');
INSERT INTO Historico VALUES (10,135,'A');
INSERT INTO Historico VALUES (10,100,'A');
INSERT INTO Pre_Requisito VALUES ('CC3380','CC3320');
INSERT INTO Pre_Requisito VALUES ('CC3380','MAT2410');
INSERT INTO Pre_Requisito VALUES ('CC3320','CC1310');


/* QUESTÃO A */
SELECT Nome FROM ALUNO 
WHERE CodDepto IN(SELECT CodDepto FROM DEPARTAMENTO WHERE NomeDepto = 'Ciencia da Computacao');

/* QUESTÃO B */
SELECT NomeDisc AS 'DISCIPLINA' 
FROM DISCIPLINA WHERE CodDisc IN(SELECT CodDisc FROM TURMA WHERE PROFESSOR = 'CARLOS' AND ano IN(2018,2019));

/* QUESTÃO C */
SELECT D.NOMEDISC AS 'NOME DA DISCIPLINA', 
T.CODTURMA AS 'CODIGO DA TURMA', 
T.SEMESTRE, T.ANO, COUNT(A.NOME) AS 'NUMERO DE ALUNOS' FROM TURMA T 
JOIN DISCIPLINA D ON D.CodDisc = T.CodDisc
JOIN HISTORICO H ON H.CODTURMA = T.CODTURMA 
JOIN ALUNO A ON A.MATRICULA = H.MATRICULA 
WHERE PROFESSOR = 'CARLOS';

/* QUESTÃO D */
SELECT A.NOME AS 'ALUNO', 
T.CODDISC AS 'CODIGO DA DISCILINA', 
D.NOMEDISC AS 'NOME DISCIPLINA', 
D.CREDITOS, T.SEMESTRE, T.ANO, H.CONCEITO FROM ALUNO A 
JOIN HISTORICO H ON H.MATRICULA = A.MATRICULA 
JOIN TURMA T ON T.CODTURMA = H.CODTURMA 
JOIN DISCIPLINA D ON D.CODDISC = T.CODDISC;

/* QUESTÃO E */
SELECT DISTINCT NOME, NOMEDEPTO 
FROM ALUNO A 
JOIN HISTORICO H ON H.MATRICULA = A.MATRICULA
JOIN DEPARTAMENTO D on D.CODDEPTO = A.CODDEPTO 
WHERE H.CONCEITO = 'A';
    
/* QUESTÃO F */
SELECT DISTINCT NOME, NOMEDEPTO 
FROM ALUNO A 
JOIN HISTORICO H ON H.MATRICULA = A.MATRICULA
JOIN DEPARTAMENTO D on D.CODDEPTO = A.CODDEPTO 
WHERE H.CONCEITO != 'A';
    
 /* QUESTÃO G */
INSERT INTO ALUNO VALUES(25, 'José', 02);
USE ESCOLA;
SELECT * FROM ALUNO;

 /* QUESTÃO H */
INSERT INTO DISCIPLINA VALUES('CC4390', 'Redes de Computadores', 3, 01);
